RANDOM_TEXT,RANDOM_TEXT,RANDOM_TEXT,RANDOM_TEXT,RANDOM_TEXT,RANDOM_TEXT
RANDOM_TEXT,RANDOM_TEXT,RANDOM_TEXT,RANDOM_TEXT,RANDOM_TEXT,RANDOM_TEXT
RANDOM_TEXT,RANDOM_TEXT,RANDOM_TEXT,RANDOM_TEXT,RANDOM_TEXT,RANDOM_TEXT
RANDOM_TEXT,RANDOM_TEXT,RANDOM_TEXT,RANDOM_TEXT,RANDOM_TEXT,RANDOM_TEXT
RANDOM_TEXT,RANDOM_TEXT,RANDOM_TEXT,RANDOM_TEXT,RANDOM_TEXT,RANDOM_TEXT
RANDOM_TEXT,RANDOM_TEXT,RANDOM_TEXT,RANDOM_TEXT,RANDOM_TEXT,RANDOM_TEXT
RANDOM_TEXT,RANDOM_TEXT,RANDOM_TEXT,RANDOM_TEXT,RANDOM_TEXT,RANDOM_TEXT
RANDOM_TEXT,RANDOM_TEXT,RANDOM_TEXT,RANDOM_TEXT,RANDOM_TEXT,RANDOM_TEXT
RANDOM_TEXT,RANDOM_TEXT,RANDOM_TEXT,RANDOM_TEXT,RANDOM_TEXT,RANDOM_TEXT
RANDOM_TEXT,RANDOM_TEXT,RANDOM_TEXT,RANDOM_TEXT,RANDOM_TEXT,RANDOM_TEXT
RANDOM_TEXT,RANDOM_TEXT,RANDOM_TEXT,RANDOM_TEXT,RANDOM_TEXT,RANDOM_TEXT
RANDOM_TEXT,RANDOM_TEXT,RANDOM_TEXT,RANDOM_TEXT,RANDOM_TEXT,RANDOM_TEXT
RANDOM_TEXT,RANDOM_TEXT,RANDOM_TEXT,RANDOM_TEXT,RANDOM_TEXT,RANDOM_TEXT
RANDOM_TEXT,RANDOM_TEXT,RANDOM_TEXT,RANDOM_TEXT,RANDOM_TEXT,RANDOM_TEXT
RANDOM_TEXT,RANDOM_TEXT,RANDOM_TEXT,RANDOM_TEXT,RANDOM_TEXT,RANDOM_TEXT
RANDOM_TEXT,RANDOM_TEXT,RANDOM_TEXT,RANDOM_TEXT,RANDOM_TEXT,RANDOM_TEXT
RANDOM_TEXT,RANDOM_TEXT,RANDOM_TEXT,RANDOM_TEXT,RANDOM_TEXT,RANDOM_TEXT
RANDOM_TEXT,RANDOM_TEXT,RANDOM_TEXT,RANDOM_TEXT,RANDOM_TEXT,RANDOM_TEXT
RANDOM_TEXT,RANDOM_TEXT,RANDOM_TEXT,RANDOM_TEXT,RANDOM_TEXT,RANDOM_TEXT
RANDOM_TEXT,RANDOM_TEXT,RANDOM_TEXT,RANDOM_TEXT,RANDOM_TEXT,RANDOM_TEXT
RANDOM_TEXT,RANDOM_TEXT,RANDOM_TEXT,RANDOM_TEXT,RANDOM_TEXT,RANDOM_TEXT
RANDOM_TEXT,RANDOM_TEXT,RANDOM_TEXT,RANDOM_TEXT,RANDOM_TEXT,RANDOM_TEXT
RANDOM_TEXT,RANDOM_TEXT,RANDOM_TEXT,RANDOM_TEXT,RANDOM_TEXT,RANDOM_TEXT
RANDOM_TEXT,RANDOM_TEXT,RANDOM_TEXT,RANDOM_TEXT,RANDOM_TEXT,RANDOM_TEXT
RANDOM_TEXT,RANDOM_TEXT,RANDOM_TEXT,RANDOM_TEXT,RANDOM_TEXT,RANDOM_TEXT
RANDOM_TEXT,RANDOM_TEXT,RANDOM_TEXT,RANDOM_TEXT,RANDOM_TEXT,RANDOM_TEXT
RANDOM_TEXT,RANDOM_TEXT,RANDOM_TEXT,RANDOM_TEXT,RANDOM_TEXT,RANDOM_TEXT
RANDOM_TEXT,RANDOM_TEXT,RANDOM_TEXT,RANDOM_TEXT,RANDOM_TEXT,RANDOM_TEXT
RANDOM_TEXT,RANDOM_TEXT,RANDOM_TEXT,RANDOM_TEXT,RANDOM_TEXT,RANDOM_TEXT
RANDOM_TEXT,RANDOM_TEXT,RANDOM_TEXT,RANDOM_TEXT,RANDOM_TEXT,RANDOM_TEXT
RANDOM_TEXT,RANDOM_TEXT,RANDOM_TEXT,RANDOM_TEXT,RANDOM_TEXT,RANDOM_TEXT
RANDOM_TEXT,RANDOM_TEXT,RANDOM_TEXT,RANDOM_TEXT,RANDOM_TEXT,RANDOM_TEXT
RANDOM_TEXT,RANDOM_TEXT,RANDOM_TEXT,RANDOM_TEXT,RANDOM_TEXT,RANDOM_TEXT
RANDOM_TEXT,RANDOM_TEXT,RANDOM_TEXT,RANDOM_TEXT,RANDOM_TEXT,RANDOM_TEXT
RANDOM_TEXT,RANDOM_TEXT,RANDOM_TEXT,RANDOM_TEXT,RANDOM_TEXT,RANDOM_TEXT
RANDOM_TEXT,RANDOM_TEXT,RANDOM_TEXT,RANDOM_TEXT,RANDOM_TEXT,RANDOM_TEXT
RANDOM_TEXT,RANDOM_TEXT,RANDOM_TEXT,RANDOM_TEXT,RANDOM_TEXT,RANDOM_TEXT
RANDOM_TEXT,RANDOM_TEXT,RANDOM_TEXT,RANDOM_TEXT,RANDOM_TEXT,RANDOM_TEXT
RANDOM_TEXT,RANDOM_TEXT,RANDOM_TEXT,RANDOM_TEXT,RANDOM_TEXT,RANDOM_TEXT
RANDOM_TEXT,RANDOM_TEXT,RANDOM_TEXT,RANDOM_TEXT,RANDOM_TEXT,RANDOM_TEXT
RANDOM_TEXT,RANDOM_TEXT,RANDOM_TEXT,RANDOM_TEXT,RANDOM_TEXT,RANDOM_TEXT
RANDOM_TEXT,RANDOM_TEXT,RANDOM_TEXT,RANDOM_TEXT,RANDOM_TEXT,RANDOM_TEXT
RANDOM_TEXT,RANDOM_TEXT,RANDOM_TEXT,RANDOM_TEXT,RANDOM_TEXT,RANDOM_TEXT
RANDOM_TEXT,RANDOM_TEXT,RANDOM_TEXT,RANDOM_TEXT,RANDOM_TEXT,RANDOM_TEXT
RANDOM_TEXT,RANDOM_TEXT,RANDOM_TEXT,RANDOM_TEXT,RANDOM_TEXT,RANDOM_TEXT
RANDOM_TEXT,RANDOM_TEXT,RANDOM_TEXT,RANDOM_TEXT,RANDOM_TEXT,RANDOM_TEXT
RANDOM_TEXT,RANDOM_TEXT,RANDOM_TEXT,RANDOM_TEXT,RANDOM_TEXT,RANDOM_TEXT
RANDOM_TEXT,RANDOM_TEXT,RANDOM_TEXT,RANDOM_TEXT,RANDOM_TEXT,RANDOM_TEXT
RANDOM_TEXT,RANDOM_TEXT,RANDOM_TEXT,RANDOM_TEXT,RANDOM_TEXT,RANDOM_TEXT
RANDOM_TEXT,RANDOM_TEXT,RANDOM_TEXT,RANDOM_TEXT,RANDOM_TEXT,RANDOM_TEXT
RANDOM_TEXT,RANDOM_TEXT,RANDOM_TEXT,RANDOM_TEXT,RANDOM_TEXT,RANDOM_TEXT
RANDOM_TEXT,RANDOM_TEXT,RANDOM_TEXT,RANDOM_TEXT,RANDOM_TEXT,RANDOM_TEXT
RANDOM_TEXT,RANDOM_TEXT,RANDOM_TEXT,RANDOM_TEXT,RANDOM_TEXT,RANDOM_TEXT
RANDOM_TEXT,RANDOM_TEXT,RANDOM_TEXT,RANDOM_TEXT,RANDOM_TEXT,RANDOM_TEXT
RANDOM_TEXT,RANDOM_TEXT,RANDOM_TEXT,RANDOM_TEXT,RANDOM_TEXT,RANDOM_TEXT
RANDOM_TEXT,RANDOM_TEXT,RANDOM_TEXT,RANDOM_TEXT,RANDOM_TEXT,RANDOM_TEXT
RANDOM_TEXT,RANDOM_TEXT,RANDOM_TEXT,RANDOM_TEXT,RANDOM_TEXT,RANDOM_TEXT
RANDOM_TEXT,RANDOM_TEXT,RANDOM_TEXT,RANDOM_TEXT,RANDOM_TEXT,RANDOM_TEXT
RANDOM_TEXT,RANDOM_TEXT,RANDOM_TEXT,RANDOM_TEXT,RANDOM_TEXT,RANDOM_TEXT
RANDOM_TEXT,RANDOM_TEXT,RANDOM_TEXT,RANDOM_TEXT,RANDOM_TEXT,RANDOM_TEXT
RANDOM_TEXT,RANDOM_TEXT,RANDOM_TEXT,RANDOM_TEXT,RANDOM_TEXT,RANDOM_TEXT
RANDOM_TEXT,RANDOM_TEXT,RANDOM_TEXT,RANDOM_TEXT,RANDOM_TEXT,RANDOM_TEXT
RANDOM_TEXT,RANDOM_TEXT,RANDOM_TEXT,RANDOM_TEXT,RANDOM_TEXT,RANDOM_TEXT
RANDOM_TEXT,RANDOM_TEXT,RANDOM_TEXT,RANDOM_TEXT,RANDOM_TEXT,RANDOM_TEXT
RANDOM_TEXT,RANDOM_TEXT,RANDOM_TEXT,RANDOM_TEXT,RANDOM_TEXT,RANDOM_TEXT
RANDOM_TEXT,RANDOM_TEXT,RANDOM_TEXT,RANDOM_TEXT,RANDOM_TEXT,RANDOM_TEXT
RANDOM_TEXT,RANDOM_TEXT,RANDOM_TEXT,RANDOM_TEXT,RANDOM_TEXT,RANDOM_TEXT
RANDOM_TEXT,RANDOM_TEXT,RANDOM_TEXT,RANDOM_TEXT,RANDOM_TEXT,RANDOM_TEXT
RANDOM_TEXT,RANDOM_TEXT,RANDOM_TEXT,RANDOM_TEXT,RANDOM_TEXT,RANDOM_TEXT
RANDOM_TEXT,RANDOM_TEXT,RANDOM_TEXT,RANDOM_TEXT,RANDOM_TEXT,RANDOM_TEXT
RANDOM_TEXT,RANDOM_TEXT,RANDOM_TEXT,RANDOM_TEXT,RANDOM_TEXT,RANDOM_TEXT
RANDOM_TEXT,RANDOM_TEXT,RANDOM_TEXT,RANDOM_TEXT,RANDOM_TEXT,RANDOM_TEXT
RANDOM_TEXT,RANDOM_TEXT,RANDOM_TEXT,RANDOM_TEXT,RANDOM_TEXT,RANDOM_TEXT
RANDOM_TEXT,RANDOM_TEXT,RANDOM_TEXT,RANDOM_TEXT,RANDOM_TEXT,RANDOM_TEXT
RANDOM_TEXT,RANDOM_TEXT,RANDOM_TEXT,RANDOM_TEXT,RANDOM_TEXT,RANDOM_TEXT
RANDOM_TEXT,RANDOM_TEXT,RANDOM_TEXT,RANDOM_TEXT,RANDOM_TEXT,RANDOM_TEXT
RANDOM_TEXT,RANDOM_TEXT,RANDOM_TEXT,RANDOM_TEXT,RANDOM_TEXT,RANDOM_TEXT
RANDOM_TEXT,RANDOM_TEXT,RANDOM_TEXT,RANDOM_TEXT,RANDOM_TEXT,RANDOM_TEXT
RANDOM_TEXT,RANDOM_TEXT,RANDOM_TEXT,RANDOM_TEXT,RANDOM_TEXT,RANDOM_TEXT
RANDOM_TEXT,RANDOM_TEXT,RANDOM_TEXT,RANDOM_TEXT,RANDOM_TEXT,RANDOM_TEXT
RANDOM_TEXT,RANDOM_TEXT,RANDOM_TEXT,RANDOM_TEXT,RANDOM_TEXT,RANDOM_TEXT
RANDOM_TEXT,RANDOM_TEXT,RANDOM_TEXT,RANDOM_TEXT,RANDOM_TEXT,RANDOM_TEXT
RANDOM_TEXT,RANDOM_TEXT,RANDOM_TEXT,RANDOM_TEXT,RANDOM_TEXT,RANDOM_TEXT
RANDOM_TEXT,RANDOM_TEXT,RANDOM_TEXT,RANDOM_TEXT,RANDOM_TEXT,RANDOM_TEXT
RANDOM_TEXT,RANDOM_TEXT,RANDOM_TEXT,RANDOM_TEXT,RANDOM_TEXT,RANDOM_TEXT
RANDOM_TEXT,RANDOM_TEXT,RANDOM_TEXT,RANDOM_TEXT,RANDOM_TEXT,RANDOM_TEXT
RANDOM_TEXT,RANDOM_TEXT,RANDOM_TEXT,RANDOM_TEXT,RANDOM_TEXT,RANDOM_TEXT
RANDOM_TEXT,RANDOM_TEXT,RANDOM_TEXT,RANDOM_TEXT,RANDOM_TEXT,RANDOM_TEXT
RANDOM_TEXT,RANDOM_TEXT,RANDOM_TEXT,RANDOM_TEXT,RANDOM_TEXT,RANDOM_TEXT
RANDOM_TEXT,RANDOM_TEXT,RANDOM_TEXT,RANDOM_TEXT,RANDOM_TEXT,RANDOM_TEXT
RANDOM_TEXT,RANDOM_TEXT,RANDOM_TEXT,RANDOM_TEXT,RANDOM_TEXT,RANDOM_TEXT
RANDOM_TEXT,RANDOM_TEXT,RANDOM_TEXT,RANDOM_TEXT,RANDOM_TEXT,RANDOM_TEXT
RANDOM_TEXT,RANDOM_TEXT,RANDOM_TEXT,RANDOM_TEXT,RANDOM_TEXT,RANDOM_TEXT
RANDOM_TEXT,RANDOM_TEXT,RANDOM_TEXT,RANDOM_TEXT,RANDOM_TEXT,RANDOM_TEXT
RANDOM_TEXT,RANDOM_TEXT,RANDOM_TEXT,RANDOM_TEXT,RANDOM_TEXT,RANDOM_TEXT
RANDOM_TEXT,RANDOM_TEXT,RANDOM_TEXT,RANDOM_TEXT,RANDOM_TEXT,RANDOM_TEXT
RANDOM_TEXT,RANDOM_TEXT,RANDOM_TEXT,RANDOM_TEXT,RANDOM_TEXT,RANDOM_TEXT
RANDOM_TEXT,RANDOM_TEXT,RANDOM_TEXT,RANDOM_TEXT,RANDOM_TEXT,RANDOM_TEXT
RANDOM_TEXT,RANDOM_TEXT,RANDOM_TEXT,RANDOM_TEXT,RANDOM_TEXT,RANDOM_TEXT
RANDOM_TEXT,RANDOM_TEXT,RANDOM_TEXT,RANDOM_TEXT,RANDOM_TEXT,RANDOM_TEXT
RANDOM_TEXT,RANDOM_TEXT,RANDOM_TEXT,RANDOM_TEXT,RANDOM_TEXT,RANDOM_TEXT
RANDOM_TEXT,RANDOM_TEXT,RANDOM_TEXT,RANDOM_TEXT,RANDOM_TEXT,RANDOM_TEXT
RANDOM_TEXT,RANDOM_TEXT,RANDOM_TEXT,RANDOM_TEXT,RANDOM_TEXT,RANDOM_TEXT
RANDOM_TEXT,RANDOM_TEXT,RANDOM_TEXT,RANDOM_TEXT,RANDOM_TEXT,RANDOM_TEXT
RANDOM_TEXT,RANDOM_TEXT,RANDOM_TEXT,RANDOM_TEXT,RANDOM_TEXT,RANDOM_TEXT
RANDOM_TEXT,RANDOM_TEXT,RANDOM_TEXT,RANDOM_TEXT,RANDOM_TEXT,RANDOM_TEXT
RANDOM_TEXT,RANDOM_TEXT,RANDOM_TEXT,RANDOM_TEXT,RANDOM_TEXT,RANDOM_TEXT
RANDOM_TEXT,RANDOM_TEXT,RANDOM_TEXT,RANDOM_TEXT,RANDOM_TEXT,RANDOM_TEXT
RANDOM_TEXT,RANDOM_TEXT,RANDOM_TEXT,RANDOM_TEXT,RANDOM_TEXT,RANDOM_TEXT
RANDOM_TEXT,RANDOM_TEXT,RANDOM_TEXT,RANDOM_TEXT,RANDOM_TEXT,RANDOM_TEXT
RANDOM_TEXT,RANDOM_TEXT,RANDOM_TEXT,RANDOM_TEXT,RANDOM_TEXT,RANDOM_TEXT
RANDOM_TEXT,RANDOM_TEXT,RANDOM_TEXT,RANDOM_TEXT,RANDOM_TEXT,RANDOM_TEXT
RANDOM_TEXT,RANDOM_TEXT,RANDOM_TEXT,RANDOM_TEXT,RANDOM_TEXT,RANDOM_TEXT
RANDOM_TEXT,RANDOM_TEXT,RANDOM_TEXT,RANDOM_TEXT,RANDOM_TEXT,RANDOM_TEXT
RANDOM_TEXT,RANDOM_TEXT,RANDOM_TEXT,RANDOM_TEXT,RANDOM_TEXT,RANDOM_TEXT
RANDOM_TEXT,RANDOM_TEXT,RANDOM_TEXT,RANDOM_TEXT,RANDOM_TEXT,RANDOM_TEXT
RANDOM_TEXT,RANDOM_TEXT,RANDOM_TEXT,RANDOM_TEXT,RANDOM_TEXT,RANDOM_TEXT
RANDOM_TEXT,RANDOM_TEXT,RANDOM_TEXT,RANDOM_TEXT,RANDOM_TEXT,RANDOM_TEXT
RANDOM_TEXT,RANDOM_TEXT,RANDOM_TEXT,RANDOM_TEXT,RANDOM_TEXT,RANDOM_TEXT
RANDOM_TEXT,RANDOM_TEXT,RANDOM_TEXT,RANDOM_TEXT,RANDOM_TEXT,RANDOM_TEXT
RANDOM_TEXT,RANDOM_TEXT,RANDOM_TEXT,RANDOM_TEXT,RANDOM_TEXT,RANDOM_TEXT
RANDOM_TEXT,RANDOM_TEXT,RANDOM_TEXT,RANDOM_TEXT,RANDOM_TEXT,RANDOM_TEXT
RANDOM_TEXT,RANDOM_TEXT,RANDOM_TEXT,RANDOM_TEXT,RANDOM_TEXT,RANDOM_TEXT
RANDOM_TEXT,RANDOM_TEXT,RANDOM_TEXT,RANDOM_TEXT,RANDOM_TEXT,RANDOM_TEXT
RANDOM_TEXT,RANDOM_TEXT,RANDOM_TEXT,RANDOM_TEXT,RANDOM_TEXT,RANDOM_TEXT
RANDOM_TEXT,RANDOM_TEXT,RANDOM_TEXT,RANDOM_TEXT,RANDOM_TEXT,RANDOM_TEXT
RANDOM_TEXT,RANDOM_TEXT,RANDOM_TEXT,RANDOM_TEXT,RANDOM_TEXT,RANDOM_TEXT
RANDOM_TEXT,RANDOM_TEXT,RANDOM_TEXT,RANDOM_TEXT,RANDOM_TEXT,RANDOM_TEXT
RANDOM_TEXT,RANDOM_TEXT,RANDOM_TEXT,RANDOM_TEXT,RANDOM_TEXT,RANDOM_TEXT
RANDOM_TEXT,RANDOM_TEXT,RANDOM_TEXT,RANDOM_TEXT,RANDOM_TEXT,RANDOM_TEXT
RANDOM_TEXT,RANDOM_TEXT,RANDOM_TEXT,RANDOM_TEXT,RANDOM_TEXT,RANDOM_TEXT
RANDOM_TEXT,RANDOM_TEXT,RANDOM_TEXT,RANDOM_TEXT,RANDOM_TEXT,RANDOM_TEXT
RANDOM_TEXT,RANDOM_TEXT,RANDOM_TEXT,RANDOM_TEXT,RANDOM_TEXT,RANDOM_TEXT
RANDOM_TEXT,RANDOM_TEXT,RANDOM_TEXT,RANDOM_TEXT,RANDOM_TEXT,RANDOM_TEXT
RANDOM_TEXT,RANDOM_TEXT,RANDOM_TEXT,RANDOM_TEXT,RANDOM_TEXT,RANDOM_TEXT
RANDOM_TEXT,RANDOM_TEXT,RANDOM_TEXT,RANDOM_TEXT,RANDOM_TEXT,RANDOM_TEXT
RANDOM_TEXT,RANDOM_TEXT,RANDOM_TEXT,RANDOM_TEXT,RANDOM_TEXT,RANDOM_TEXT
RANDOM_TEXT,RANDOM_TEXT,RANDOM_TEXT,RANDOM_TEXT,RANDOM_TEXT,RANDOM_TEXT
RANDOM_TEXT,RANDOM_TEXT,RANDOM_TEXT,RANDOM_TEXT,RANDOM_TEXT,RANDOM_TEXT
RANDOM_TEXT,RANDOM_TEXT,RANDOM_TEXT,RANDOM_TEXT,RANDOM_TEXT,RANDOM_TEXT
RANDOM_TEXT,RANDOM_TEXT,RANDOM_TEXT,RANDOM_TEXT,RANDOM_TEXT,RANDOM_TEXT
RANDOM_TEXT,RANDOM_TEXT,RANDOM_TEXT,RANDOM_TEXT,RANDOM_TEXT,RANDOM_TEXT
RANDOM_TEXT,RANDOM_TEXT,RANDOM_TEXT,RANDOM_TEXT,RANDOM_TEXT,RANDOM_TEXT
RANDOM_TEXT,RANDOM_TEXT,RANDOM_TEXT,RANDOM_TEXT,RANDOM_TEXT,RANDOM_TEXT
RANDOM_TEXT,RANDOM_TEXT,RANDOM_TEXT,RANDOM_TEXT,RANDOM_TEXT,RANDOM_TEXT
RANDOM_TEXT,RANDOM_TEXT,RANDOM_TEXT,RANDOM_TEXT,RANDOM_TEXT,RANDOM_TEXT
RANDOM_TEXT,RANDOM_TEXT,RANDOM_TEXT,RANDOM_TEXT,RANDOM_TEXT,RANDOM_TEXT
RANDOM_TEXT,RANDOM_TEXT,RANDOM_TEXT,RANDOM_TEXT,RANDOM_TEXT,RANDOM_TEXT
RANDOM_TEXT,RANDOM_TEXT,RANDOM_TEXT,RANDOM_TEXT,RANDOM_TEXT,RANDOM_TEXT
RANDOM_TEXT,RANDOM_TEXT,RANDOM_TEXT,RANDOM_TEXT,RANDOM_TEXT,RANDOM_TEXT
RANDOM_TEXT,RANDOM_TEXT,RANDOM_TEXT,RANDOM_TEXT,RANDOM_TEXT,RANDOM_TEXT
RANDOM_TEXT,RANDOM_TEXT,RANDOM_TEXT,RANDOM_TEXT,RANDOM_TEXT,RANDOM_TEXT
RANDOM_TEXT,RANDOM_TEXT,RANDOM_TEXT,RANDOM_TEXT,RANDOM_TEXT,RANDOM_TEXT
RANDOM_TEXT,RANDOM_TEXT,RANDOM_TEXT,RANDOM_TEXT,RANDOM_TEXT,RANDOM_TEXT
RANDOM_TEXT,RANDOM_TEXT,RANDOM_TEXT,RANDOM_TEXT,RANDOM_TEXT,RANDOM_TEXT
RANDOM_TEXT,RANDOM_TEXT,RANDOM_TEXT,RANDOM_TEXT,RANDOM_TEXT,RANDOM_TEXT
RANDOM_TEXT,RANDOM_TEXT,RANDOM_TEXT,RANDOM_TEXT,RANDOM_TEXT,RANDOM_TEXT
RANDOM_TEXT,RANDOM_TEXT,RANDOM_TEXT,RANDOM_TEXT,RANDOM_TEXT,RANDOM_TEXT
RANDOM_TEXT,RANDOM_TEXT,RANDOM_TEXT,RANDOM_TEXT,RANDOM_TEXT,RANDOM_TEXT
RANDOM_TEXT,RANDOM_TEXT,RANDOM_TEXT,RANDOM_TEXT,RANDOM_TEXT,RANDOM_TEXT
RANDOM_TEXT,RANDOM_TEXT,RANDOM_TEXT,RANDOM_TEXT,RANDOM_TEXT,RANDOM_TEXT
RANDOM_TEXT,RANDOM_TEXT,RANDOM_TEXT,RANDOM_TEXT,RANDOM_TEXT,RANDOM_TEXT
RANDOM_TEXT,RANDOM_TEXT,RANDOM_TEXT,RANDOM_TEXT,RANDOM_TEXT,RANDOM_TEXT
RANDOM_TEXT,RANDOM_TEXT,RANDOM_TEXT,RANDOM_TEXT,RANDOM_TEXT,RANDOM_TEXT
RANDOM_TEXT,RANDOM_TEXT,RANDOM_TEXT,RANDOM_TEXT,RANDOM_TEXT,RANDOM_TEXT
RANDOM_TEXT,RANDOM_TEXT,RANDOM_TEXT,RANDOM_TEXT,RANDOM_TEXT,RANDOM_TEXT
RANDOM_TEXT,RANDOM_TEXT,RANDOM_TEXT,RANDOM_TEXT,RANDOM_TEXT,RANDOM_TEXT
RANDOM_TEXT,RANDOM_TEXT,RANDOM_TEXT,RANDOM_TEXT,RANDOM_TEXT,RANDOM_TEXT
RANDOM_TEXT,RANDOM_TEXT,RANDOM_TEXT,RANDOM_TEXT,RANDOM_TEXT,RANDOM_TEXT
RANDOM_TEXT,RANDOM_TEXT,RANDOM_TEXT,RANDOM_TEXT,RANDOM_TEXT,RANDOM_TEXT
RANDOM_TEXT,RANDOM_TEXT,RANDOM_TEXT,RANDOM_TEXT,RANDOM_TEXT,RANDOM_TEXT
RANDOM_TEXT,RANDOM_TEXT,RANDOM_TEXT,RANDOM_TEXT,RANDOM_TEXT,RANDOM_TEXT
RANDOM_TEXT,RANDOM_TEXT,RANDOM_TEXT,RANDOM_TEXT,RANDOM_TEXT,RANDOM_TEXT
RANDOM_TEXT,RANDOM_TEXT,RANDOM_TEXT,RANDOM_TEXT,RANDOM_TEXT,RANDOM_TEXT
RANDOM_TEXT,RANDOM_TEXT,RANDOM_TEXT,RANDOM_TEXT,RANDOM_TEXT,RANDOM_TEXT
RANDOM_TEXT,RANDOM_TEXT,RANDOM_TEXT,RANDOM_TEXT,RANDOM_TEXT,RANDOM_TEXT
RANDOM_TEXT,RANDOM_TEXT,RANDOM_TEXT,RANDOM_TEXT,RANDOM_TEXT,RANDOM_TEXT
RANDOM_TEXT,RANDOM_TEXT,RANDOM_TEXT,RANDOM_TEXT,RANDOM_TEXT,RANDOM_TEXT
RANDOM_TEXT,RANDOM_TEXT,RANDOM_TEXT,RANDOM_TEXT,RANDOM_TEXT,RANDOM_TEXT
RANDOM_TEXT,RANDOM_TEXT,RANDOM_TEXT,RANDOM_TEXT,RANDOM_TEXT,RANDOM_TEXT
RANDOM_TEXT,RANDOM_TEXT,RANDOM_TEXT,RANDOM_TEXT,RANDOM_TEXT,RANDOM_TEXT
RANDOM_TEXT,RANDOM_TEXT,RANDOM_TEXT,RANDOM_TEXT,RANDOM_TEXT,RANDOM_TEXT
RANDOM_TEXT,RANDOM_TEXT,RANDOM_TEXT,RANDOM_TEXT,RANDOM_TEXT,RANDOM_TEXT
RANDOM_TEXT,RANDOM_TEXT,RANDOM_TEXT,RANDOM_TEXT,RANDOM_TEXT,RANDOM_TEXT
RANDOM_TEXT,RANDOM_TEXT,RANDOM_TEXT,RANDOM_TEXT,RANDOM_TEXT,RANDOM_TEXT
RANDOM_TEXT,RANDOM_TEXT,RANDOM_TEXT,RANDOM_TEXT,RANDOM_TEXT,RANDOM_TEXT
RANDOM_TEXT,RANDOM_TEXT,RANDOM_TEXT,RANDOM_TEXT,RANDOM_TEXT,RANDOM_TEXT
RANDOM_TEXT,RANDOM_TEXT,RANDOM_TEXT,RANDOM_TEXT,RANDOM_TEXT,RANDOM_TEXT
RANDOM_TEXT,RANDOM_TEXT,RANDOM_TEXT,RANDOM_TEXT,RANDOM_TEXT,RANDOM_TEXT
RANDOM_TEXT,RANDOM_TEXT,RANDOM_TEXT,RANDOM_TEXT,RANDOM_TEXT,RANDOM_TEXT
RANDOM_TEXT,RANDOM_TEXT,RANDOM_TEXT,RANDOM_TEXT,RANDOM_TEXT,RANDOM_TEXT
RANDOM_TEXT,RANDOM_TEXT,RANDOM_TEXT,RANDOM_TEXT,RANDOM_TEXT,RANDOM_TEXT
RANDOM_TEXT,RANDOM_TEXT,RANDOM_TEXT,RANDOM_TEXT,RANDOM_TEXT,RANDOM_TEXT
RANDOM_TEXT,RANDOM_TEXT,RANDOM_TEXT,RANDOM_TEXT,RANDOM_TEXT,RANDOM_TEXT
RANDOM_TEXT,RANDOM_TEXT,RANDOM_TEXT,RANDOM_TEXT,RANDOM_TEXT,RANDOM_TEXT
RANDOM_TEXT,RANDOM_TEXT,RANDOM_TEXT,RANDOM_TEXT,RANDOM_TEXT,RANDOM_TEXT
RANDOM_TEXT,RANDOM_TEXT,RANDOM_TEXT,RANDOM_TEXT,RANDOM_TEXT,RANDOM_TEXT
RANDOM_TEXT,RANDOM_TEXT,RANDOM_TEXT,RANDOM_TEXT,RANDOM_TEXT,RANDOM_TEXT
RANDOM_TEXT,RANDOM_TEXT,RANDOM_TEXT,RANDOM_TEXT,RANDOM_TEXT,RANDOM_TEXT
RANDOM_TEXT,RANDOM_TEXT,RANDOM_TEXT,RANDOM_TEXT,RANDOM_TEXT,RANDOM_TEXT
RANDOM_TEXT,RANDOM_TEXT,RANDOM_TEXT,RANDOM_TEXT,RANDOM_TEXT,RANDOM_TEXT
RANDOM_TEXT,RANDOM_TEXT,RANDOM_TEXT,RANDOM_TEXT,RANDOM_TEXT,RANDOM_TEXT
RANDOM_TEXT,RANDOM_TEXT,RANDOM_TEXT,RANDOM_TEXT,RANDOM_TEXT,RANDOM_TEXT
RANDOM_TEXT,RANDOM_TEXT,RANDOM_TEXT,RANDOM_TEXT,RANDOM_TEXT,RANDOM_TEXT
RANDOM_TEXT,RANDOM_TEXT,RANDOM_TEXT,RANDOM_TEXT,RANDOM_TEXT,RANDOM_TEXT
RANDOM_TEXT,RANDOM_TEXT,RANDOM_TEXT,RANDOM_TEXT,RANDOM_TEXT,RANDOM_TEXT
RANDOM_TEXT,RANDOM_TEXT,RANDOM_TEXT,RANDOM_TEXT,RANDOM_TEXT,RANDOM_TEXT
RANDOM_TEXT,RANDOM_TEXT,RANDOM_TEXT,RANDOM_TEXT,RANDOM_TEXT,RANDOM_TEXT
RANDOM_TEXT,RANDOM_TEXT,RANDOM_TEXT,RANDOM_TEXT,RANDOM_TEXT,RANDOM_TEXT
RANDOM_TEXT,RANDOM_TEXT,RANDOM_TEXT,RANDOM_TEXT,RANDOM_TEXT,RANDOM_TEXT
RANDOM_TEXT,RANDOM_TEXT,RANDOM_TEXT,RANDOM_TEXT,RANDOM_TEXT,RANDOM_TEXT
RANDOM_TEXT,RANDOM_TEXT,RANDOM_TEXT,RANDOM_TEXT,RANDOM_TEXT,RANDOM_TEXT
RANDOM_TEXT,RANDOM_TEXT,RANDOM_TEXT,RANDOM_TEXT,RANDOM_TEXT,RANDOM_TEXT
RANDOM_TEXT,RANDOM_TEXT,RANDOM_TEXT,RANDOM_TEXT,RANDOM_TEXT,RANDOM_TEXT
RANDOM_TEXT,RANDOM_TEXT,RANDOM_TEXT,RANDOM_TEXT,RANDOM_TEXT,RANDOM_TEXT
RANDOM_TEXT,RANDOM_TEXT,RANDOM_TEXT,RANDOM_TEXT,RANDOM_TEXT,RANDOM_TEXT
RANDOM_TEXT,RANDOM_TEXT,RANDOM_TEXT,RANDOM_TEXT,RANDOM_TEXT,RANDOM_TEXT
RANDOM_TEXT,RANDOM_TEXT,RANDOM_TEXT,RANDOM_TEXT,RANDOM_TEXT,RANDOM_TEXT
RANDOM_TEXT,RANDOM_TEXT,RANDOM_TEXT,RANDOM_TEXT,RANDOM_TEXT,RANDOM_TEXT
RANDOM_TEXT,RANDOM_TEXT,RANDOM_TEXT,RANDOM_TEXT,RANDOM_TEXT,RANDOM_TEXT
RANDOM_TEXT,RANDOM_TEXT,RANDOM_TEXT,RANDOM_TEXT,RANDOM_TEXT,RANDOM_TEXT
RANDOM_TEXT,RANDOM_TEXT,RANDOM_TEXT,RANDOM_TEXT,RANDOM_TEXT,RANDOM_TEXT
RANDOM_TEXT,RANDOM_TEXT,RANDOM_TEXT,RANDOM_TEXT,RANDOM_TEXT,RANDOM_TEXT
RANDOM_TEXT,RANDOM_TEXT,RANDOM_TEXT,RANDOM_TEXT,RANDOM_TEXT,RANDOM_TEXT
RANDOM_TEXT,RANDOM_TEXT,RANDOM_TEXT,RANDOM_TEXT,RANDOM_TEXT,RANDOM_TEXT
RANDOM_TEXT,RANDOM_TEXT,RANDOM_TEXT,RANDOM_TEXT,RANDOM_TEXT,RANDOM_TEXT
RANDOM_TEXT,RANDOM_TEXT,RANDOM_TEXT,RANDOM_TEXT,RANDOM_TEXT,RANDOM_TEXT
RANDOM_TEXT,RANDOM_TEXT,RANDOM_TEXT,RANDOM_TEXT,RANDOM_TEXT,RANDOM_TEXT
RANDOM_TEXT,RANDOM_TEXT,RANDOM_TEXT,RANDOM_TEXT,RANDOM_TEXT,RANDOM_TEXT
RANDOM_TEXT,RANDOM_TEXT,RANDOM_TEXT,RANDOM_TEXT,RANDOM_TEXT,RANDOM_TEXT
RANDOM_TEXT,RANDOM_TEXT,RANDOM_TEXT,RANDOM_TEXT,RANDOM_TEXT,RANDOM_TEXT
RANDOM_TEXT,RANDOM_TEXT,RANDOM_TEXT,RANDOM_TEXT,RANDOM_TEXT,RANDOM_TEXT
RANDOM_TEXT,RANDOM_TEXT,RANDOM_TEXT,RANDOM_TEXT,RANDOM_TEXT,RANDOM_TEXT
RANDOM_TEXT,RANDOM_TEXT,RANDOM_TEXT,RANDOM_TEXT,RANDOM_TEXT,RANDOM_TEXT
RANDOM_TEXT,RANDOM_TEXT,RANDOM_TEXT,RANDOM_TEXT,RANDOM_TEXT,RANDOM_TEXT
RANDOM_TEXT,RANDOM_TEXT,RANDOM_TEXT,RANDOM_TEXT,RANDOM_TEXT,RANDOM_TEXT
RANDOM_TEXT,RANDOM_TEXT,RANDOM_TEXT,RANDOM_TEXT,RANDOM_TEXT,RANDOM_TEXT
RANDOM_TEXT,RANDOM_TEXT,RANDOM_TEXT,RANDOM_TEXT,RANDOM_TEXT,RANDOM_TEXT
RANDOM_TEXT,RANDOM_TEXT,RANDOM_TEXT,RANDOM_TEXT,RANDOM_TEXT,RANDOM_TEXT
RANDOM_TEXT,RANDOM_TEXT,RANDOM_TEXT,RANDOM_TEXT,RANDOM_TEXT,RANDOM_TEXT
RANDOM_TEXT,RANDOM_TEXT,RANDOM_TEXT,RANDOM_TEXT,RANDOM_TEXT,RANDOM_TEXT
RANDOM_TEXT,RANDOM_TEXT,RANDOM_TEXT,RANDOM_TEXT,RANDOM_TEXT,RANDOM_TEXT
RANDOM_TEXT,RANDOM_TEXT,RANDOM_TEXT,RANDOM_TEXT,RANDOM_TEXT,RANDOM_TEXT
RANDOM_TEXT,RANDOM_TEXT,RANDOM_TEXT,RANDOM_TEXT,RANDOM_TEXT,RANDOM_TEXT
RANDOM_TEXT,RANDOM_TEXT,RANDOM_TEXT,RANDOM_TEXT,RANDOM_TEXT,RANDOM_TEXT
RANDOM_TEXT,RANDOM_TEXT,RANDOM_TEXT,RANDOM_TEXT,RANDOM_TEXT,RANDOM_TEXT
RANDOM_TEXT,RANDOM_TEXT,RANDOM_TEXT,RANDOM_TEXT,RANDOM_TEXT,RANDOM_TEXT
RANDOM_TEXT,RANDOM_TEXT,RANDOM_TEXT,RANDOM_TEXT,RANDOM_TEXT,RANDOM_TEXT
RANDOM_TEXT,RANDOM_TEXT,RANDOM_TEXT,RANDOM_TEXT,RANDOM_TEXT,RANDOM_TEXT
RANDOM_TEXT,RANDOM_TEXT,RANDOM_TEXT,RANDOM_TEXT,RANDOM_TEXT,RANDOM_TEXT
RANDOM_TEXT,RANDOM_TEXT,RANDOM_TEXT,RANDOM_TEXT,RANDOM_TEXT,RANDOM_TEXT
RANDOM_TEXT,RANDOM_TEXT,RANDOM_TEXT,RANDOM_TEXT,RANDOM_TEXT,RANDOM_TEXT
RANDOM_TEXT,RANDOM_TEXT,RANDOM_TEXT,RANDOM_TEXT,RANDOM_TEXT,RANDOM_TEXT
